IP 地址,已发送,已接收,丢包率,平均延迟,下载速度 (MB/s)
128.199.112.226,0,0,0,0,0
129.154.198.11,1,1,1,1,1
129.154.198.130,2,2,2,2,2
129.154.202.254,3,3,3,3,3
129.154.205.169,4,4,4,4,4
129.154.210.169,5,5,5,5,5
129.154.212.144,6,6,6,6,6
129.154.218.225,7,7,7,7,7
129.154.221.72,8,8,8,8,8
129.154.60.0,9,9,9,9,9
129.154.63.185,10,10,10,10,10
130.162.128.185,11,11,11,11,11
131.186.21.153,12,12,12,12,12
131.186.27.167,13,13,13,13,13
131.186.27.74,14,14,14,14,14
131.186.30.172,15,15,15,15,15
131.186.31.17,16,16,16,16,16
131.186.32.160,17,17,17,17,17
131.186.41.231,18,18,18,18,18
131.186.42.54,19,19,19,19,19
131.186.43.123,20,20,20,20,20
131.186.43.127,21,21,21,21,21
131.186.44.19,22,22,22,22,22
131.186.45.42,23,23,23,23,23
131.186.47.161,24,24,24,24,24
131.186.57.161,25,25,25,25,25
131.186.57.210,26,26,26,26,26
131.186.58.160,27,27,27,27,27
131.186.59.221,28,28,28,28,28
131.186.61.29,29,29,29,29,29
131.186.62.249,30,30,30,30,30
132.226.228.118,31,31,31,31,31
132.226.236.110,32,32,32,32,32
132.226.237.69,33,33,33,33,33
134.185.101.71,34,34,34,34,34
134.209.96.76,35,35,35,35,35
138.2.10.84,36,36,36,36,36
138.2.107.107,37,37,37,37,37
138.2.113.26,38,38,38,38,38
138.2.12.112,39,39,39,39,39
138.2.127.150,40,40,40,40,40
138.2.22.88,41,41,41,41,41
138.2.25.203,42,42,42,42,42
138.2.26.78,43,43,43,43,43
138.2.3.99,44,44,44,44,44
138.2.31.141,45,45,45,45,45
138.2.65.22,46,46,46,46,46
138.2.7.178,47,47,47,47,47
139.59.104.29,48,48,48,48,48
139.59.247.95,49,49,49,49,49
141.147.162.3,50,50,50,50,50
141.147.163.40,51,51,51,51,51
141.147.165.85,52,52,52,52,52
141.147.168.241,53,53,53,53,53
141.147.169.223,54,54,54,54,54
141.147.170.127,55,55,55,55,55
141.147.174.144,56,56,56,56,56
141.147.174.67,57,57,57,57,57
141.147.177.164,58,58,58,58,58
141.147.177.83,59,59,59,59,59
141.147.184.120,60,60,60,60,60
141.147.184.198,61,61,61,61,61
141.147.187.78,62,62,62,62,62
141.147.191.248,63,63,63,63,63
144.24.64.206,64,64,64,64,64
144.24.66.4,65,65,65,65,65
144.24.71.116,66,66,66,66,66
144.24.74.51,67,67,67,67,67
144.24.83.125,68,68,68,68,68
144.24.89.241,69,69,69,69,69
146.190.107.103,70,70,70,70,70
146.56.108.127,71,71,71,71,71
146.56.108.26,72,72,72,72,72
146.56.113.159,73,73,73,73,73
146.56.118.147,74,74,74,74,74
146.56.131.60,75,75,75,75,75
146.56.133.58,76,76,76,76,76
146.56.135.187,77,77,77,77,77
146.56.139.67,78,78,78,78,78
146.56.141.247,79,79,79,79,79
146.56.156.194,80,80,80,80,80
146.56.163.240,81,81,81,81,81
146.56.163.48,82,82,82,82,82
146.56.38.82,83,83,83,83,83
146.56.39.120,84,84,84,84,84
146.56.41.20,85,85,85,85,85
146.56.42.190,86,86,86,86,86
149.129.250.8,87,87,87,87,87
150.230.214.230,88,88,88,88,88
150.230.217.37,89,89,89,89,89
150.230.222.156,90,90,90,90,90
150.230.97.27,91,91,91,91,91
150.230.98.42,92,92,92,92,92
151.145.64.112,93,93,93,93,93
151.145.66.148,94,94,94,94,94
151.145.66.70,95,95,95,95,95
151.145.68.117,96,96,96,96,96
151.145.68.78,97,97,97,97,97
151.145.70.120,98,98,98,98,98
151.145.71.136,99,99,99,99,99
151.145.74.17,100,100,100,100,100
151.145.74.50,101,101,101,101,101
151.145.75.157,102,102,102,102,102
151.145.76.38,103,103,103,103,103
151.145.77.53,104,104,104,104,104
151.145.79.9,105,105,105,105,105
152.42.169.193,106,106,106,106,106
152.42.171.110,107,107,107,107,107
152.67.194.30,108,108,108,108,108
152.67.200.156,109,109,109,109,109
152.67.204.134,110,110,110,110,110
152.67.223.100,111,111,111,111,111
152.67.223.153,112,112,112,112,112
155.248.172.191,113,113,113,113,113
155.248.176.145,114,114,114,114,114
155.248.180.57,115,115,115,115,115
155.248.186.214,116,116,116,116,116
157.245.60.56,117,117,117,117,117
158.101.68.219,118,118,118,118,118
158.101.81.141,119,119,119,119,119
158.101.84.85,120,120,120,120,120
158.101.88.227,121,121,121,121,121
158.178.239.141,122,122,122,122,122
158.179.161.42,123,123,123,123,123
158.179.162.25,124,124,124,124,124
158.179.162.75,125,125,125,125,125
158.179.168.197,126,126,126,126,126
158.179.171.61,127,127,127,127,127
158.179.172.195,128,128,128,128,128
158.179.173.8,129,129,129,129,129
158.179.173.85,130,130,130,130,130
158.179.178.105,131,131,131,131,131
158.179.178.177,132,132,132,132,132
158.179.184.52,133,133,133,133,133
158.179.185.253,134,134,134,134,134
158.179.186.203,135,135,135,135,135
158.179.193.197,136,136,136,136,136
158.179.193.40,137,137,137,137,137
158.179.194.22,138,138,138,138,138
158.179.195.187,139,139,139,139,139
158.180.64.131,140,140,140,140,140
158.180.81.228,141,141,141,141,141
158.180.83.142,142,142,142,142,142
158.180.87.211,143,143,143,143,143
158.180.89.75,144,144,144,144,144
158.180.91.62,145,145,145,145,145
159.89.208.94,146,146,146,146,146
168.138.185.234,147,147,147,147,147
174.138.16.209,148,148,148,148,148
178.128.30.71,149,149,149,149,149
178.128.80.43,150,150,150,150,150
188.166.249.31,151,151,151,151,151
193.122.96.170,152,152,152,152,152
193.123.160.237,153,153,153,153,153
193.123.161.6,154,154,154,154,154
193.123.163.184,155,155,155,155,155
193.123.224.220,156,156,156,156,156
193.123.225.14,157,157,157,157,157
193.123.229.133,158,158,158,158,158
193.123.236.155,159,159,159,159,159
193.123.241.242,160,160,160,160,160
193.123.245.11,161,161,161,161,161
193.123.248.33,162,162,162,162,162
193.123.255.120,163,163,163,163,163
213.35.107.73,164,164,164,164,164
217.142.144.204,165,165,165,165,165
47.236.120.216,166,166,166,166,166
47.243.56.100,167,167,167,167,167
47.245.101.170,168,168,168,168,168
47.245.105.44,169,169,169,169,169
47.245.106.75,170,170,170,170,170
47.245.111.91,171,171,171,171,171
47.245.112.2,172,172,172,172,172
47.245.115.135,173,173,173,173,173
47.245.122.252,174,174,174,174,174
47.245.124.222,175,175,175,175,175
47.245.125.0,176,176,176,176,176
47.245.125.4,177,177,177,177,177
47.245.98.134,178,178,178,178,178
47.74.157.194,179,179,179,179,179
64.110.67.60,180,180,180,180,180
64.110.76.180,181,181,181,181,181
64.110.89.111,182,182,182,182,182
68.183.227.180,183,183,183,183,183
68.183.227.216,184,184,184,184,184
68.183.227.236,185,185,185,185,185
68.183.227.45,186,186,186,186,186
68.183.235.165,187,187,187,187,187
68.183.235.240,188,188,188,188,188
8.219.0.67,189,189,189,189,189
8.219.10.4,190,190,190,190,190
8.219.101.38,191,191,191,191,191
8.219.102.121,192,192,192,192,192
8.219.102.5,193,193,193,193,193
8.219.105.186,194,194,194,194,194
8.219.105.55,195,195,195,195,195
8.219.107.90,196,196,196,196,196
8.219.108.65,197,197,197,197,197
8.219.109.224,198,198,198,198,198
8.219.113.175,199,199,199,199,199
8.219.115.26,200,200,200,200,200
8.219.116.185,201,201,201,201,201
8.219.118.221,202,202,202,202,202
8.219.118.91,203,203,203,203,203
8.219.119.151,204,204,204,204,204
8.219.126.145,205,205,205,205,205
8.219.128.49,206,206,206,206,206
8.219.138.7,207,207,207,207,207
8.219.147.216,208,208,208,208,208
8.219.161.46,209,209,209,209,209
8.219.173.182,210,210,210,210,210
8.219.187.68,211,211,211,211,211
8.219.213.47,212,212,212,212,212
8.219.217.116,213,213,213,213,213
8.219.240.241,214,214,214,214,214
8.219.249.100,215,215,215,215,215
8.219.254.42,216,216,216,216,216
8.219.6.155,217,217,217,217,217
8.219.61.67,218,218,218,218,218
8.219.63.178,219,219,219,219,219
8.219.66.18,220,220,220,220,220
8.219.67.28,221,221,221,221,221
8.219.69.134,222,222,222,222,222
8.219.86.153,223,223,223,223,223
8.219.87.158,224,224,224,224,224
8.219.91.102,225,225,225,225,225
8.219.92.116,226,226,226,226,226
8.219.92.129,227,227,227,227,227
8.219.98.114,228,228,228,228,228
8.219.98.150,229,229,229,229,229
8.219.99.209,230,230,230,230,230
8.222.134.112,231,231,231,231,231
8.222.142.39,232,232,232,232,232
8.222.144.19,233,233,233,233,233
8.222.156.39,234,234,234,234,234
8.222.168.60,235,235,235,235,235
8.222.170.56,236,236,236,236,236
8.222.189.29,237,237,237,237,237
8.222.218.155,238,238,238,238,238
8.222.235.165,239,239,239,239,239
8.222.237.72,240,240,240,240,240
8.222.239.206,241,241,241,241,241
8.222.247.57,242,242,242,242,242
8.222.250.165,243,243,243,243,243
